﻿{"domains":[{"Properties":{"highvalue":true,"name":"MSDDEV.COM.CN","domain":"MSDDEV.COM.CN","objectid":"S-1-5-21-1390854314-3923357594-525441826","distinguishedname":"DC=MSDDEV,DC=com,DC=cn","description":null,"functionallevel":"2012 R2"},"Users":["S-1-5-21-1390854314-3923357594-525441826-32722","S-1-5-21-1390854314-3923357594-525441826-502","S-1-5-21-1390854314-3923357594-525441826-501"],"Computers":[],"ChildOus":["F1D62F08-D540-4B81-91E7-91F571C39F73","9444F837-D617-46F3-A266-B338D846F448","0BF0E321-DE3B-4DA1-9BD4-365F33F3A58C","BA657487-FCCF-4CE6-957D-7ECFF48F6314"],"Trusts":[],"Links":[{"IsEnforced":false,"Guid":"96AA05A5-83CF-44AB-A6E3-D4184D1EEF6A"},{"IsEnforced":false,"Guid":"2F2F5324-46D4-4F15-AF6F-4DAB8F2D6A24"}],"RemoteDesktopUsers":[],"LocalAdmins":[],"DcomUsers":[],"PSRemoteUsers":[],"ObjectIdentifier":"S-1-5-21-1390854314-3923357594-525441826","Aces":[{"PrincipalSID":"MSDDEV.COM.CN-S-1-5-32-544","PrincipalType":"Group","RightName":"Owner","AceType":"","IsInherited":false},{"PrincipalSID":"MSDDEV.COM.CN-S-1-5-32-544","PrincipalType":"Group","RightName":"WriteDacl","AceType":"","IsInherited":false},{"PrincipalSID":"MSDDEV.COM.CN-S-1-5-32-544","PrincipalType":"Group","RightName":"WriteOwner","AceType":"","IsInherited":false},{"PrincipalSID":"MSDDEV.COM.CN-S-1-5-32-544","PrincipalType":"Group","RightName":"ExtendedRight","AceType":"All","IsInherited":false},{"PrincipalSID":"S-1-5-21-1390854314-3923357594-525441826-512","PrincipalType":"Group","RightName":"WriteDacl","AceType":"","IsInherited":false},{"PrincipalSID":"S-1-5-21-1390854314-3923357594-525441826-512","PrincipalType":"Group","RightName":"WriteOwner","AceType":"","IsInherited":false},{"PrincipalSID":"S-1-5-21-1390854314-3923357594-525441826-512","PrincipalType":"Group","RightName":"ExtendedRight","AceType":"All","IsInherited":false},{"PrincipalSID":"S-1-5-21-1390854314-3923357594-525441826-519","PrincipalType":"Group","RightName":"GenericAll","AceType":"","IsInherited":false},{"PrincipalSID":"MSDDEV.COM.CN-S-1-5-9","PrincipalType":"Group","RightName":"ExtendedRight","AceType":"GetChanges","IsInherited":false},{"PrincipalSID":"MSDDEV.COM.CN-S-1-5-32-544","PrincipalType":"Group","RightName":"ExtendedRight","AceType":"GetChangesAll","IsInherited":false},{"PrincipalSID":"MSDDEV.COM.CN-S-1-5-32-544","PrincipalType":"Group","RightName":"ExtendedRight","AceType":"GetChanges","IsInherited":false},{"PrincipalSID":"S-1-5-21-1390854314-3923357594-525441826-498","PrincipalType":"Group","RightName":"ExtendedRight","AceType":"GetChanges","IsInherited":false},{"PrincipalSID":"S-1-5-21-1390854314-3923357594-525441826-516","PrincipalType":"Group","RightName":"ExtendedRight","AceType":"GetChangesAll","IsInherited":false},{"PrincipalSID":"S-1-5-21-1390854314-3923357594-525441826-1132","PrincipalType":"Group","RightName":"ExtendedRight","AceType":"GetChanges","IsInherited":false}]}],"meta":{"count":1,"type":"domains","version":3}}