﻿{"gpos":[{"Properties":{"highvalue":false,"name":"DEFAULT DOMAIN POLICY@MSDDEV.COM.CN","domain":"MSDDEV.COM.CN","objectid":"2F2F5324-46D4-4F15-AF6F-4DAB8F2D6A24","distinguishedname":"CN={31B2F340-016D-11D2-945F-00C04FB984F9},CN=Policies,CN=System,DC=MSDDEV,DC=com,DC=cn","description":null,"gpcpath":"\\\\MSDDEV.com.cn\\sysvol\\MSDDEV.com.cn\\Policies\\{31B2F340-016D-11D2-945F-00C04FB984F9}"},"ObjectIdentifier":"2F2F5324-46D4-4F15-AF6F-4DAB8F2D6A24","Aces":[{"PrincipalSID":"S-1-5-21-1390854314-3923357594-525441826-512","PrincipalType":"Group","RightName":"Owner","AceType":"","IsInherited":false},{"PrincipalSID":"S-1-5-21-1390854314-3923357594-525441826-512","PrincipalType":"Group","RightName":"WriteDacl","AceType":"","IsInherited":false},{"PrincipalSID":"S-1-5-21-1390854314-3923357594-525441826-512","PrincipalType":"Group","RightName":"WriteOwner","AceType":"","IsInherited":false},{"PrincipalSID":"S-1-5-21-1390854314-3923357594-525441826-512","PrincipalType":"Group","RightName":"GenericWrite","AceType":"","IsInherited":false},{"PrincipalSID":"S-1-5-21-1390854314-3923357594-525441826-512","PrincipalType":"Group","RightName":"WriteDacl","AceType":"","IsInherited":false},{"PrincipalSID":"S-1-5-21-1390854314-3923357594-525441826-512","PrincipalType":"Group","RightName":"WriteOwner","AceType":"","IsInherited":false},{"PrincipalSID":"S-1-5-21-1390854314-3923357594-525441826-512","PrincipalType":"Group","RightName":"GenericWrite","AceType":"","IsInherited":false},{"PrincipalSID":"S-1-5-21-1390854314-3923357594-525441826-519","PrincipalType":"Group","RightName":"WriteDacl","AceType":"","IsInherited":false},{"PrincipalSID":"S-1-5-21-1390854314-3923357594-525441826-519","PrincipalType":"Group","RightName":"WriteOwner","AceType":"","IsInherited":false},{"PrincipalSID":"S-1-5-21-1390854314-3923357594-525441826-519","PrincipalType":"Group","RightName":"GenericWrite","AceType":"","IsInherited":false}]},{"Properties":{"highvalue":false,"name":"DEFAULT DOMAIN CONTROLLERS POLICY@MSDDEV.COM.CN","domain":"MSDDEV.COM.CN","objectid":"8F436E07-0CE4-4462-AAE7-0F26E80987C5","distinguishedname":"CN={6AC1786C-016F-11D2-945F-00C04fB984F9},CN=Policies,CN=System,DC=MSDDEV,DC=com,DC=cn","description":null,"gpcpath":"\\\\MSDDEV.com.cn\\sysvol\\MSDDEV.com.cn\\Policies\\{6AC1786C-016F-11D2-945F-00C04fB984F9}"},"ObjectIdentifier":"8F436E07-0CE4-4462-AAE7-0F26E80987C5","Aces":[{"PrincipalSID":"S-1-5-21-1390854314-3923357594-525441826-512","PrincipalType":"Group","RightName":"Owner","AceType":"","IsInherited":false},{"PrincipalSID":"S-1-5-21-1390854314-3923357594-525441826-512","PrincipalType":"Group","RightName":"WriteDacl","AceType":"","IsInherited":false},{"PrincipalSID":"S-1-5-21-1390854314-3923357594-525441826-512","PrincipalType":"Group","RightName":"WriteOwner","AceType":"","IsInherited":false},{"PrincipalSID":"S-1-5-21-1390854314-3923357594-525441826-512","PrincipalType":"Group","RightName":"GenericWrite","AceType":"","IsInherited":false},{"PrincipalSID":"S-1-5-21-1390854314-3923357594-525441826-512","PrincipalType":"Group","RightName":"WriteDacl","AceType":"","IsInherited":false},{"PrincipalSID":"S-1-5-21-1390854314-3923357594-525441826-512","PrincipalType":"Group","RightName":"WriteOwner","AceType":"","IsInherited":false},{"PrincipalSID":"S-1-5-21-1390854314-3923357594-525441826-512","PrincipalType":"Group","RightName":"GenericWrite","AceType":"","IsInherited":false},{"PrincipalSID":"S-1-5-21-1390854314-3923357594-525441826-519","PrincipalType":"Group","RightName":"WriteDacl","AceType":"","IsInherited":false},{"PrincipalSID":"S-1-5-21-1390854314-3923357594-525441826-519","PrincipalType":"Group","RightName":"WriteOwner","AceType":"","IsInherited":false},{"PrincipalSID":"S-1-5-21-1390854314-3923357594-525441826-519","PrincipalType":"Group","RightName":"GenericWrite","AceType":"","IsInherited":false}]},{"Properties":{"highvalue":false,"name":"NEW GROUP POLICY OBJECTTEST@MSDDEV.COM.CN","domain":"MSDDEV.COM.CN","objectid":"F06EAA83-1579-4C93-91FF-2384EFA05DE0","distinguishedname":"CN={2034037E-9861-4A62-A7C6-2255AE81B84B},CN=Policies,CN=System,DC=MSDDEV,DC=com,DC=cn","description":null,"gpcpath":"\\\\MSDDEV.com.cn\\SysVol\\MSDDEV.com.cn\\Policies\\{2034037E-9861-4A62-A7C6-2255AE81B84B}"},"ObjectIdentifier":"F06EAA83-1579-4C93-91FF-2384EFA05DE0","Aces":[{"PrincipalSID":"S-1-5-21-1390854314-3923357594-525441826-1112","PrincipalType":"User","RightName":"Owner","AceType":"","IsInherited":false},{"PrincipalSID":"S-1-5-21-1390854314-3923357594-525441826-512","PrincipalType":"Group","RightName":"WriteDacl","AceType":"","IsInherited":false},{"PrincipalSID":"S-1-5-21-1390854314-3923357594-525441826-512","PrincipalType":"Group","RightName":"WriteOwner","AceType":"","IsInherited":false},{"PrincipalSID":"S-1-5-21-1390854314-3923357594-525441826-512","PrincipalType":"Group","RightName":"GenericWrite","AceType":"","IsInherited":false},{"PrincipalSID":"S-1-5-21-1390854314-3923357594-525441826-519","PrincipalType":"Group","RightName":"WriteDacl","AceType":"","IsInherited":false},{"PrincipalSID":"S-1-5-21-1390854314-3923357594-525441826-519","PrincipalType":"Group","RightName":"WriteOwner","AceType":"","IsInherited":false},{"PrincipalSID":"S-1-5-21-1390854314-3923357594-525441826-519","PrincipalType":"Group","RightName":"GenericWrite","AceType":"","IsInherited":false},{"PrincipalSID":"S-1-5-21-1390854314-3923357594-525441826-1112","PrincipalType":"User","RightName":"WriteDacl","AceType":"","IsInherited":false},{"PrincipalSID":"S-1-5-21-1390854314-3923357594-525441826-1112","PrincipalType":"User","RightName":"WriteOwner","AceType":"","IsInherited":false},{"PrincipalSID":"S-1-5-21-1390854314-3923357594-525441826-1112","PrincipalType":"User","RightName":"GenericWrite","AceType":"","IsInherited":false},{"PrincipalSID":"S-1-5-21-1390854314-3923357594-525441826-1128","PrincipalType":"Group","RightName":"WriteDacl","AceType":"","IsInherited":false},{"PrincipalSID":"S-1-5-21-1390854314-3923357594-525441826-1128","PrincipalType":"Group","RightName":"WriteOwner","AceType":"","IsInherited":false},{"PrincipalSID":"S-1-5-21-1390854314-3923357594-525441826-1128","PrincipalType":"Group","RightName":"GenericWrite","AceType":"","IsInherited":false}]},{"Properties":{"highvalue":false,"name":"WINALL ESERVER U SCHUREMG USER CONFIGURATION 5.01@MSDDEV.COM.CN","domain":"MSDDEV.COM.CN","objectid":"ABB00476-570E-4749-AB7F-0504DAD326A7","distinguishedname":"CN={60130ACB-6F16-4FA7-A4E9-D56B1EE8627E},CN=Policies,CN=System,DC=MSDDEV,DC=com,DC=cn","description":null,"gpcpath":"\\\\MSDDEV.com.cn\\sysvol\\MSDDEV.com.cn\\Policies\\{60130ACB-6F16-4FA7-A4E9-D56B1EE8627E}"},"ObjectIdentifier":"ABB00476-570E-4749-AB7F-0504DAD326A7","Aces":[{"PrincipalSID":"S-1-5-21-1390854314-3923357594-525441826-1148","PrincipalType":"User","RightName":"Owner","AceType":"","IsInherited":false},{"PrincipalSID":"S-1-5-21-1390854314-3923357594-525441826-512","PrincipalType":"Group","RightName":"WriteDacl","AceType":"","IsInherited":false},{"PrincipalSID":"S-1-5-21-1390854314-3923357594-525441826-512","PrincipalType":"Group","RightName":"WriteOwner","AceType":"","IsInherited":false},{"PrincipalSID":"S-1-5-21-1390854314-3923357594-525441826-512","PrincipalType":"Group","RightName":"GenericWrite","AceType":"","IsInherited":false},{"PrincipalSID":"S-1-5-21-1390854314-3923357594-525441826-519","PrincipalType":"Group","RightName":"WriteDacl","AceType":"","IsInherited":false},{"PrincipalSID":"S-1-5-21-1390854314-3923357594-525441826-519","PrincipalType":"Group","RightName":"WriteOwner","AceType":"","IsInherited":false},{"PrincipalSID":"S-1-5-21-1390854314-3923357594-525441826-519","PrincipalType":"Group","RightName":"GenericWrite","AceType":"","IsInherited":false},{"PrincipalSID":"S-1-5-21-1390854314-3923357594-525441826-1128","PrincipalType":"Group","RightName":"WriteDacl","AceType":"","IsInherited":false},{"PrincipalSID":"S-1-5-21-1390854314-3923357594-525441826-1128","PrincipalType":"Group","RightName":"WriteOwner","AceType":"","IsInherited":false},{"PrincipalSID":"S-1-5-21-1390854314-3923357594-525441826-1128","PrincipalType":"Group","RightName":"GenericWrite","AceType":"","IsInherited":false},{"PrincipalSID":"S-1-5-21-1390854314-3923357594-525441826-1148","PrincipalType":"User","RightName":"WriteDacl","AceType":"","IsInherited":false},{"PrincipalSID":"S-1-5-21-1390854314-3923357594-525441826-1148","PrincipalType":"User","RightName":"WriteOwner","AceType":"","IsInherited":false},{"PrincipalSID":"S-1-5-21-1390854314-3923357594-525441826-1148","PrincipalType":"User","RightName":"GenericWrite","AceType":"","IsInherited":false}]},{"Properties":{"highvalue":false,"name":"WINALL ESERVER C TIME SERVER 6.01@MSDDEV.COM.CN","domain":"MSDDEV.COM.CN","objectid":"0F453B70-9531-4C07-B370-A304B0A94C85","distinguishedname":"CN={6E4C3F72-45BB-4FED-8147-FF8397DE82B6},CN=Policies,CN=System,DC=MSDDEV,DC=com,DC=cn","description":null,"gpcpath":"\\\\MSDDEV.com.cn\\sysvol\\MSDDEV.com.cn\\Policies\\{6E4C3F72-45BB-4FED-8147-FF8397DE82B6}"},"ObjectIdentifier":"0F453B70-9531-4C07-B370-A304B0A94C85","Aces":[{"PrincipalSID":"S-1-5-21-1390854314-3923357594-525441826-1148","PrincipalType":"User","RightName":"Owner","AceType":"","IsInherited":false},{"PrincipalSID":"S-1-5-21-1390854314-3923357594-525441826-512","PrincipalType":"Group","RightName":"WriteDacl","AceType":"","IsInherited":false},{"PrincipalSID":"S-1-5-21-1390854314-3923357594-525441826-512","PrincipalType":"Group","RightName":"WriteOwner","AceType":"","IsInherited":false},{"PrincipalSID":"S-1-5-21-1390854314-3923357594-525441826-512","PrincipalType":"Group","RightName":"GenericWrite","AceType":"","IsInherited":false},{"PrincipalSID":"S-1-5-21-1390854314-3923357594-525441826-519","PrincipalType":"Group","RightName":"WriteDacl","AceType":"","IsInherited":false},{"PrincipalSID":"S-1-5-21-1390854314-3923357594-525441826-519","PrincipalType":"Group","RightName":"WriteOwner","AceType":"","IsInherited":false},{"PrincipalSID":"S-1-5-21-1390854314-3923357594-525441826-519","PrincipalType":"Group","RightName":"GenericWrite","AceType":"","IsInherited":false},{"PrincipalSID":"S-1-5-21-1390854314-3923357594-525441826-1128","PrincipalType":"Group","RightName":"WriteDacl","AceType":"","IsInherited":false},{"PrincipalSID":"S-1-5-21-1390854314-3923357594-525441826-1128","PrincipalType":"Group","RightName":"WriteOwner","AceType":"","IsInherited":false},{"PrincipalSID":"S-1-5-21-1390854314-3923357594-525441826-1128","PrincipalType":"Group","RightName":"GenericWrite","AceType":"","IsInherited":false},{"PrincipalSID":"S-1-5-21-1390854314-3923357594-525441826-1148","PrincipalType":"User","RightName":"WriteDacl","AceType":"","IsInherited":false},{"PrincipalSID":"S-1-5-21-1390854314-3923357594-525441826-1148","PrincipalType":"User","RightName":"WriteOwner","AceType":"","IsInherited":false},{"PrincipalSID":"S-1-5-21-1390854314-3923357594-525441826-1148","PrincipalType":"User","RightName":"GenericWrite","AceType":"","IsInherited":false}]},{"Properties":{"highvalue":false,"name":"WINALL ESERVER C USER RIGHTS ASSIGNMENTS 1.01@MSDDEV.COM.CN","domain":"MSDDEV.COM.CN","objectid":"A176A6F7-3CCF-44C9-8DE9-7CCA37F64C99","distinguishedname":"CN={14EC242E-65A3-4D0D-90D4-5C4494FD2E0C},CN=Policies,CN=System,DC=MSDDEV,DC=com,DC=cn","description":null,"gpcpath":"\\\\MSDDEV.com.cn\\sysvol\\MSDDEV.com.cn\\Policies\\{14EC242E-65A3-4D0D-90D4-5C4494FD2E0C}"},"ObjectIdentifier":"A176A6F7-3CCF-44C9-8DE9-7CCA37F64C99","Aces":[{"PrincipalSID":"S-1-5-21-1390854314-3923357594-525441826-1148","PrincipalType":"User","RightName":"Owner","AceType":"","IsInherited":false},{"PrincipalSID":"S-1-5-21-1390854314-3923357594-525441826-512","PrincipalType":"Group","RightName":"WriteDacl","AceType":"","IsInherited":false},{"PrincipalSID":"S-1-5-21-1390854314-3923357594-525441826-512","PrincipalType":"Group","RightName":"WriteOwner","AceType":"","IsInherited":false},{"PrincipalSID":"S-1-5-21-1390854314-3923357594-525441826-512","PrincipalType":"Group","RightName":"GenericWrite","AceType":"","IsInherited":false},{"PrincipalSID":"S-1-5-21-1390854314-3923357594-525441826-519","PrincipalType":"Group","RightName":"WriteDacl","AceType":"","IsInherited":false},{"PrincipalSID":"S-1-5-21-1390854314-3923357594-525441826-519","PrincipalType":"Group","RightName":"WriteOwner","AceType":"","IsInherited":false},{"PrincipalSID":"S-1-5-21-1390854314-3923357594-525441826-519","PrincipalType":"Group","RightName":"GenericWrite","AceType":"","IsInherited":false},{"PrincipalSID":"S-1-5-21-1390854314-3923357594-525441826-1128","PrincipalType":"Group","RightName":"WriteDacl","AceType":"","IsInherited":false},{"PrincipalSID":"S-1-5-21-1390854314-3923357594-525441826-1128","PrincipalType":"Group","RightName":"WriteOwner","AceType":"","IsInherited":false},{"PrincipalSID":"S-1-5-21-1390854314-3923357594-525441826-1128","PrincipalType":"Group","RightName":"GenericWrite","AceType":"","IsInherited":false},{"PrincipalSID":"S-1-5-21-1390854314-3923357594-525441826-1148","PrincipalType":"User","RightName":"WriteDacl","AceType":"","IsInherited":false},{"PrincipalSID":"S-1-5-21-1390854314-3923357594-525441826-1148","PrincipalType":"User","RightName":"WriteOwner","AceType":"","IsInherited":false},{"PrincipalSID":"S-1-5-21-1390854314-3923357594-525441826-1148","PrincipalType":"User","RightName":"GenericWrite","AceType":"","IsInherited":false}]},{"Properties":{"highvalue":false,"name":"WINALL ESERVER C GIOWINENG VULNERABILITIES FIX 1.00@MSDDEV.COM.CN","domain":"MSDDEV.COM.CN","objectid":"8960B2DC-EAE8-460E-BA68-5E7814EBD74E","distinguishedname":"CN={B84E77C0-4597-41C3-B6E5-4FCD17A33583},CN=Policies,CN=System,DC=MSDDEV,DC=com,DC=cn","description":null,"gpcpath":"\\\\MSDDEV.com.cn\\sysvol\\MSDDEV.com.cn\\Policies\\{B84E77C0-4597-41C3-B6E5-4FCD17A33583}"},"ObjectIdentifier":"8960B2DC-EAE8-460E-BA68-5E7814EBD74E","Aces":[{"PrincipalSID":"S-1-5-21-1390854314-3923357594-525441826-1148","PrincipalType":"User","RightName":"Owner","AceType":"","IsInherited":false},{"PrincipalSID":"S-1-5-21-1390854314-3923357594-525441826-512","PrincipalType":"Group","RightName":"WriteDacl","AceType":"","IsInherited":false},{"PrincipalSID":"S-1-5-21-1390854314-3923357594-525441826-512","PrincipalType":"Group","RightName":"WriteOwner","AceType":"","IsInherited":false},{"PrincipalSID":"S-1-5-21-1390854314-3923357594-525441826-512","PrincipalType":"Group","RightName":"GenericWrite","AceType":"","IsInherited":false},{"PrincipalSID":"S-1-5-21-1390854314-3923357594-525441826-519","PrincipalType":"Group","RightName":"WriteDacl","AceType":"","IsInherited":false},{"PrincipalSID":"S-1-5-21-1390854314-3923357594-525441826-519","PrincipalType":"Group","RightName":"WriteOwner","AceType":"","IsInherited":false},{"PrincipalSID":"S-1-5-21-1390854314-3923357594-525441826-519","PrincipalType":"Group","RightName":"GenericWrite","AceType":"","IsInherited":false},{"PrincipalSID":"S-1-5-21-1390854314-3923357594-525441826-1128","PrincipalType":"Group","RightName":"WriteDacl","AceType":"","IsInherited":false},{"PrincipalSID":"S-1-5-21-1390854314-3923357594-525441826-1128","PrincipalType":"Group","RightName":"WriteOwner","AceType":"","IsInherited":false},{"PrincipalSID":"S-1-5-21-1390854314-3923357594-525441826-1128","PrincipalType":"Group","RightName":"GenericWrite","AceType":"","IsInherited":false},{"PrincipalSID":"S-1-5-21-1390854314-3923357594-525441826-1148","PrincipalType":"User","RightName":"WriteDacl","AceType":"","IsInherited":false},{"PrincipalSID":"S-1-5-21-1390854314-3923357594-525441826-1148","PrincipalType":"User","RightName":"WriteOwner","AceType":"","IsInherited":false},{"PrincipalSID":"S-1-5-21-1390854314-3923357594-525441826-1148","PrincipalType":"User","RightName":"GenericWrite","AceType":"","IsInherited":false}]},{"Properties":{"highvalue":false,"name":"WINALL ESERVER C MDS REG SETTINGS 1.00@MSDDEV.COM.CN","domain":"MSDDEV.COM.CN","objectid":"212BBA08-7971-4461-B988-3B2E5D478A0A","distinguishedname":"CN={A6390628-A0DC-4C75-84BA-C9516C140D9D},CN=Policies,CN=System,DC=MSDDEV,DC=com,DC=cn","description":null,"gpcpath":"\\\\MSDDEV.com.cn\\sysvol\\MSDDEV.com.cn\\Policies\\{A6390628-A0DC-4C75-84BA-C9516C140D9D}"},"ObjectIdentifier":"212BBA08-7971-4461-B988-3B2E5D478A0A","Aces":[{"PrincipalSID":"S-1-5-21-1390854314-3923357594-525441826-1148","PrincipalType":"User","RightName":"Owner","AceType":"","IsInherited":false},{"PrincipalSID":"S-1-5-21-1390854314-3923357594-525441826-512","PrincipalType":"Group","RightName":"WriteDacl","AceType":"","IsInherited":false},{"PrincipalSID":"S-1-5-21-1390854314-3923357594-525441826-512","PrincipalType":"Group","RightName":"WriteOwner","AceType":"","IsInherited":false},{"PrincipalSID":"S-1-5-21-1390854314-3923357594-525441826-512","PrincipalType":"Group","RightName":"GenericWrite","AceType":"","IsInherited":false},{"PrincipalSID":"S-1-5-21-1390854314-3923357594-525441826-519","PrincipalType":"Group","RightName":"WriteDacl","AceType":"","IsInherited":false},{"PrincipalSID":"S-1-5-21-1390854314-3923357594-525441826-519","PrincipalType":"Group","RightName":"WriteOwner","AceType":"","IsInherited":false},{"PrincipalSID":"S-1-5-21-1390854314-3923357594-525441826-519","PrincipalType":"Group","RightName":"GenericWrite","AceType":"","IsInherited":false},{"PrincipalSID":"S-1-5-21-1390854314-3923357594-525441826-1128","PrincipalType":"Group","RightName":"WriteDacl","AceType":"","IsInherited":false},{"PrincipalSID":"S-1-5-21-1390854314-3923357594-525441826-1128","PrincipalType":"Group","RightName":"WriteOwner","AceType":"","IsInherited":false},{"PrincipalSID":"S-1-5-21-1390854314-3923357594-525441826-1128","PrincipalType":"Group","RightName":"GenericWrite","AceType":"","IsInherited":false},{"PrincipalSID":"S-1-5-21-1390854314-3923357594-525441826-1148","PrincipalType":"User","RightName":"WriteDacl","AceType":"","IsInherited":false},{"PrincipalSID":"S-1-5-21-1390854314-3923357594-525441826-1148","PrincipalType":"User","RightName":"WriteOwner","AceType":"","IsInherited":false},{"PrincipalSID":"S-1-5-21-1390854314-3923357594-525441826-1148","PrincipalType":"User","RightName":"GenericWrite","AceType":"","IsInherited":false}]},{"Properties":{"highvalue":false,"name":"WINALL ESERVER C MELTDOWN PATCH REG SETTINGS 1.00@MSDDEV.COM.CN","domain":"MSDDEV.COM.CN","objectid":"5053CBEB-0B6B-4C8D-BBF6-4BB9F38DE3A3","distinguishedname":"CN={EBFB4F6F-FA27-4DE6-88F4-13C01DF69009},CN=Policies,CN=System,DC=MSDDEV,DC=com,DC=cn","description":null,"gpcpath":"\\\\MSDDEV.com.cn\\sysvol\\MSDDEV.com.cn\\Policies\\{EBFB4F6F-FA27-4DE6-88F4-13C01DF69009}"},"ObjectIdentifier":"5053CBEB-0B6B-4C8D-BBF6-4BB9F38DE3A3","Aces":[{"PrincipalSID":"S-1-5-21-1390854314-3923357594-525441826-1148","PrincipalType":"User","RightName":"Owner","AceType":"","IsInherited":false},{"PrincipalSID":"S-1-5-21-1390854314-3923357594-525441826-512","PrincipalType":"Group","RightName":"WriteDacl","AceType":"","IsInherited":false},{"PrincipalSID":"S-1-5-21-1390854314-3923357594-525441826-512","PrincipalType":"Group","RightName":"WriteOwner","AceType":"","IsInherited":false},{"PrincipalSID":"S-1-5-21-1390854314-3923357594-525441826-512","PrincipalType":"Group","RightName":"GenericWrite","AceType":"","IsInherited":false},{"PrincipalSID":"S-1-5-21-1390854314-3923357594-525441826-519","PrincipalType":"Group","RightName":"WriteDacl","AceType":"","IsInherited":false},{"PrincipalSID":"S-1-5-21-1390854314-3923357594-525441826-519","PrincipalType":"Group","RightName":"WriteOwner","AceType":"","IsInherited":false},{"PrincipalSID":"S-1-5-21-1390854314-3923357594-525441826-519","PrincipalType":"Group","RightName":"GenericWrite","AceType":"","IsInherited":false},{"PrincipalSID":"S-1-5-21-1390854314-3923357594-525441826-1128","PrincipalType":"Group","RightName":"WriteDacl","AceType":"","IsInherited":false},{"PrincipalSID":"S-1-5-21-1390854314-3923357594-525441826-1128","PrincipalType":"Group","RightName":"WriteOwner","AceType":"","IsInherited":false},{"PrincipalSID":"S-1-5-21-1390854314-3923357594-525441826-1128","PrincipalType":"Group","RightName":"GenericWrite","AceType":"","IsInherited":false},{"PrincipalSID":"S-1-5-21-1390854314-3923357594-525441826-1148","PrincipalType":"User","RightName":"WriteDacl","AceType":"","IsInherited":false},{"PrincipalSID":"S-1-5-21-1390854314-3923357594-525441826-1148","PrincipalType":"User","RightName":"WriteOwner","AceType":"","IsInherited":false},{"PrincipalSID":"S-1-5-21-1390854314-3923357594-525441826-1148","PrincipalType":"User","RightName":"GenericWrite","AceType":"","IsInherited":false}]},{"Properties":{"highvalue":false,"name":"WINALL ESERVER C GIOWINENG[SECRETSERVER] RESTRICT CLIENTS ALLOWED TO MAKE REMOTE CALLS TO SAM 1.00@MSDDEV.COM.CN","domain":"MSDDEV.COM.CN","objectid":"0FDF73F2-0BA3-42E7-BDB7-2DE1130D098E","distinguishedname":"CN={7CF67B24-32CF-4225-AEC0-5752BAE46F08},CN=Policies,CN=System,DC=MSDDEV,DC=com,DC=cn","description":null,"gpcpath":"\\\\MSDDEV.com.cn\\sysvol\\MSDDEV.com.cn\\Policies\\{7CF67B24-32CF-4225-AEC0-5752BAE46F08}"},"ObjectIdentifier":"0FDF73F2-0BA3-42E7-BDB7-2DE1130D098E","Aces":[{"PrincipalSID":"S-1-5-21-1390854314-3923357594-525441826-1148","PrincipalType":"User","RightName":"Owner","AceType":"","IsInherited":false},{"PrincipalSID":"S-1-5-21-1390854314-3923357594-525441826-512","PrincipalType":"Group","RightName":"WriteDacl","AceType":"","IsInherited":false},{"PrincipalSID":"S-1-5-21-1390854314-3923357594-525441826-512","PrincipalType":"Group","RightName":"WriteOwner","AceType":"","IsInherited":false},{"PrincipalSID":"S-1-5-21-1390854314-3923357594-525441826-512","PrincipalType":"Group","RightName":"GenericWrite","AceType":"","IsInherited":false},{"PrincipalSID":"S-1-5-21-1390854314-3923357594-525441826-519","PrincipalType":"Group","RightName":"WriteDacl","AceType":"","IsInherited":false},{"PrincipalSID":"S-1-5-21-1390854314-3923357594-525441826-519","PrincipalType":"Group","RightName":"WriteOwner","AceType":"","IsInherited":false},{"PrincipalSID":"S-1-5-21-1390854314-3923357594-525441826-519","PrincipalType":"Group","RightName":"GenericWrite","AceType":"","IsInherited":false},{"PrincipalSID":"S-1-5-21-1390854314-3923357594-525441826-1128","PrincipalType":"Group","RightName":"WriteDacl","AceType":"","IsInherited":false},{"PrincipalSID":"S-1-5-21-1390854314-3923357594-525441826-1128","PrincipalType":"Group","RightName":"WriteOwner","AceType":"","IsInherited":false},{"PrincipalSID":"S-1-5-21-1390854314-3923357594-525441826-1128","PrincipalType":"Group","RightName":"GenericWrite","AceType":"","IsInherited":false},{"PrincipalSID":"S-1-5-21-1390854314-3923357594-525441826-1148","PrincipalType":"User","RightName":"WriteDacl","AceType":"","IsInherited":false},{"PrincipalSID":"S-1-5-21-1390854314-3923357594-525441826-1148","PrincipalType":"User","RightName":"WriteOwner","AceType":"","IsInherited":false},{"PrincipalSID":"S-1-5-21-1390854314-3923357594-525441826-1148","PrincipalType":"User","RightName":"GenericWrite","AceType":"","IsInherited":false}]},{"Properties":{"highvalue":false,"name":"WINALL ESERVER C GIOWINENG COMPUTER CONFIGURATION 5.11@MSDDEV.COM.CN","domain":"MSDDEV.COM.CN","objectid":"E30BA938-3AC6-4F37-82E1-A709BA6BF1F8","distinguishedname":"CN={C1456357-33E4-448C-95AB-0E35176A7768},CN=Policies,CN=System,DC=MSDDEV,DC=com,DC=cn","description":null,"gpcpath":"\\\\MSDDEV.com.cn\\sysvol\\MSDDEV.com.cn\\Policies\\{C1456357-33E4-448C-95AB-0E35176A7768}"},"ObjectIdentifier":"E30BA938-3AC6-4F37-82E1-A709BA6BF1F8","Aces":[{"PrincipalSID":"S-1-5-21-1390854314-3923357594-525441826-1148","PrincipalType":"User","RightName":"Owner","AceType":"","IsInherited":false},{"PrincipalSID":"S-1-5-21-1390854314-3923357594-525441826-512","PrincipalType":"Group","RightName":"WriteDacl","AceType":"","IsInherited":false},{"PrincipalSID":"S-1-5-21-1390854314-3923357594-525441826-512","PrincipalType":"Group","RightName":"WriteOwner","AceType":"","IsInherited":false},{"PrincipalSID":"S-1-5-21-1390854314-3923357594-525441826-512","PrincipalType":"Group","RightName":"GenericWrite","AceType":"","IsInherited":false},{"PrincipalSID":"S-1-5-21-1390854314-3923357594-525441826-519","PrincipalType":"Group","RightName":"WriteDacl","AceType":"","IsInherited":false},{"PrincipalSID":"S-1-5-21-1390854314-3923357594-525441826-519","PrincipalType":"Group","RightName":"WriteOwner","AceType":"","IsInherited":false},{"PrincipalSID":"S-1-5-21-1390854314-3923357594-525441826-519","PrincipalType":"Group","RightName":"GenericWrite","AceType":"","IsInherited":false},{"PrincipalSID":"S-1-5-21-1390854314-3923357594-525441826-1128","PrincipalType":"Group","RightName":"WriteDacl","AceType":"","IsInherited":false},{"PrincipalSID":"S-1-5-21-1390854314-3923357594-525441826-1128","PrincipalType":"Group","RightName":"WriteOwner","AceType":"","IsInherited":false},{"PrincipalSID":"S-1-5-21-1390854314-3923357594-525441826-1128","PrincipalType":"Group","RightName":"GenericWrite","AceType":"","IsInherited":false},{"PrincipalSID":"S-1-5-21-1390854314-3923357594-525441826-1148","PrincipalType":"User","RightName":"WriteDacl","AceType":"","IsInherited":false},{"PrincipalSID":"S-1-5-21-1390854314-3923357594-525441826-1148","PrincipalType":"User","RightName":"WriteOwner","AceType":"","IsInherited":false},{"PrincipalSID":"S-1-5-21-1390854314-3923357594-525441826-1148","PrincipalType":"User","RightName":"GenericWrite","AceType":"","IsInherited":false}]},{"Properties":{"highvalue":false,"name":"WINALL ESERVER C WINVERIFYTRUST SIGNATURE VULNERABILITY FIX 1.00@MSDDEV.COM.CN","domain":"MSDDEV.COM.CN","objectid":"6AC3A87F-E0A6-4C1C-8377-99127140956B","distinguishedname":"CN={7C06517E-E160-4D34-BC90-50B800855A46},CN=Policies,CN=System,DC=MSDDEV,DC=com,DC=cn","description":null,"gpcpath":"\\\\MSDDEV.com.cn\\sysvol\\MSDDEV.com.cn\\Policies\\{7C06517E-E160-4D34-BC90-50B800855A46}"},"ObjectIdentifier":"6AC3A87F-E0A6-4C1C-8377-99127140956B","Aces":[{"PrincipalSID":"S-1-5-21-1390854314-3923357594-525441826-1148","PrincipalType":"User","RightName":"Owner","AceType":"","IsInherited":false},{"PrincipalSID":"S-1-5-21-1390854314-3923357594-525441826-512","PrincipalType":"Group","RightName":"WriteDacl","AceType":"","IsInherited":false},{"PrincipalSID":"S-1-5-21-1390854314-3923357594-525441826-512","PrincipalType":"Group","RightName":"WriteOwner","AceType":"","IsInherited":false},{"PrincipalSID":"S-1-5-21-1390854314-3923357594-525441826-512","PrincipalType":"Group","RightName":"GenericWrite","AceType":"","IsInherited":false},{"PrincipalSID":"S-1-5-21-1390854314-3923357594-525441826-519","PrincipalType":"Group","RightName":"WriteDacl","AceType":"","IsInherited":false},{"PrincipalSID":"S-1-5-21-1390854314-3923357594-525441826-519","PrincipalType":"Group","RightName":"WriteOwner","AceType":"","IsInherited":false},{"PrincipalSID":"S-1-5-21-1390854314-3923357594-525441826-519","PrincipalType":"Group","RightName":"GenericWrite","AceType":"","IsInherited":false},{"PrincipalSID":"S-1-5-21-1390854314-3923357594-525441826-1128","PrincipalType":"Group","RightName":"WriteDacl","AceType":"","IsInherited":false},{"PrincipalSID":"S-1-5-21-1390854314-3923357594-525441826-1128","PrincipalType":"Group","RightName":"WriteOwner","AceType":"","IsInherited":false},{"PrincipalSID":"S-1-5-21-1390854314-3923357594-525441826-1128","PrincipalType":"Group","RightName":"GenericWrite","AceType":"","IsInherited":false},{"PrincipalSID":"S-1-5-21-1390854314-3923357594-525441826-1148","PrincipalType":"User","RightName":"WriteDacl","AceType":"","IsInherited":false},{"PrincipalSID":"S-1-5-21-1390854314-3923357594-525441826-1148","PrincipalType":"User","RightName":"WriteOwner","AceType":"","IsInherited":false},{"PrincipalSID":"S-1-5-21-1390854314-3923357594-525441826-1148","PrincipalType":"User","RightName":"GenericWrite","AceType":"","IsInherited":false}]},{"Properties":{"highvalue":false,"name":"WINALL ECORE-ESERVER C BORZAK QUALITY COMPAT REG CONFIG@MSDDEV.COM.CN","domain":"MSDDEV.COM.CN","objectid":"32E90788-424C-434C-BC4D-0168BEDA8608","distinguishedname":"CN={020065C9-01F7-4DF4-9CEB-4544B3AF77B0},CN=Policies,CN=System,DC=MSDDEV,DC=com,DC=cn","description":null,"gpcpath":"\\\\MSDDEV.com.cn\\sysvol\\MSDDEV.com.cn\\Policies\\{020065C9-01F7-4DF4-9CEB-4544B3AF77B0}"},"ObjectIdentifier":"32E90788-424C-434C-BC4D-0168BEDA8608","Aces":[{"PrincipalSID":"S-1-5-21-1390854314-3923357594-525441826-1148","PrincipalType":"User","RightName":"Owner","AceType":"","IsInherited":false},{"PrincipalSID":"S-1-5-21-1390854314-3923357594-525441826-512","PrincipalType":"Group","RightName":"WriteDacl","AceType":"","IsInherited":false},{"PrincipalSID":"S-1-5-21-1390854314-3923357594-525441826-512","PrincipalType":"Group","RightName":"WriteOwner","AceType":"","IsInherited":false},{"PrincipalSID":"S-1-5-21-1390854314-3923357594-525441826-512","PrincipalType":"Group","RightName":"GenericWrite","AceType":"","IsInherited":false},{"PrincipalSID":"S-1-5-21-1390854314-3923357594-525441826-519","PrincipalType":"Group","RightName":"WriteDacl","AceType":"","IsInherited":false},{"PrincipalSID":"S-1-5-21-1390854314-3923357594-525441826-519","PrincipalType":"Group","RightName":"WriteOwner","AceType":"","IsInherited":false},{"PrincipalSID":"S-1-5-21-1390854314-3923357594-525441826-519","PrincipalType":"Group","RightName":"GenericWrite","AceType":"","IsInherited":false},{"PrincipalSID":"S-1-5-21-1390854314-3923357594-525441826-1128","PrincipalType":"Group","RightName":"WriteDacl","AceType":"","IsInherited":false},{"PrincipalSID":"S-1-5-21-1390854314-3923357594-525441826-1128","PrincipalType":"Group","RightName":"WriteOwner","AceType":"","IsInherited":false},{"PrincipalSID":"S-1-5-21-1390854314-3923357594-525441826-1128","PrincipalType":"Group","RightName":"GenericWrite","AceType":"","IsInherited":false},{"PrincipalSID":"S-1-5-21-1390854314-3923357594-525441826-1148","PrincipalType":"User","RightName":"WriteDacl","AceType":"","IsInherited":false},{"PrincipalSID":"S-1-5-21-1390854314-3923357594-525441826-1148","PrincipalType":"User","RightName":"WriteOwner","AceType":"","IsInherited":false},{"PrincipalSID":"S-1-5-21-1390854314-3923357594-525441826-1148","PrincipalType":"User","RightName":"GenericWrite","AceType":"","IsInherited":false}]},{"Properties":{"highvalue":false,"name":"WINALL ESERVER C MS15-011 UNC HARDENED ACCESS 1.00@MSDDEV.COM.CN","domain":"MSDDEV.COM.CN","objectid":"657033BF-4279-4B5A-9956-588B7DB5EAEA","distinguishedname":"CN={C1147FFC-DFD3-4CD6-B81B-34AE26B4DB45},CN=Policies,CN=System,DC=MSDDEV,DC=com,DC=cn","description":null,"gpcpath":"\\\\MSDDEV.com.cn\\sysvol\\MSDDEV.com.cn\\Policies\\{C1147FFC-DFD3-4CD6-B81B-34AE26B4DB45}"},"ObjectIdentifier":"657033BF-4279-4B5A-9956-588B7DB5EAEA","Aces":[{"PrincipalSID":"S-1-5-21-1390854314-3923357594-525441826-1148","PrincipalType":"User","RightName":"Owner","AceType":"","IsInherited":false},{"PrincipalSID":"S-1-5-21-1390854314-3923357594-525441826-512","PrincipalType":"Group","RightName":"WriteDacl","AceType":"","IsInherited":false},{"PrincipalSID":"S-1-5-21-1390854314-3923357594-525441826-512","PrincipalType":"Group","RightName":"WriteOwner","AceType":"","IsInherited":false},{"PrincipalSID":"S-1-5-21-1390854314-3923357594-525441826-512","PrincipalType":"Group","RightName":"GenericWrite","AceType":"","IsInherited":false},{"PrincipalSID":"S-1-5-21-1390854314-3923357594-525441826-519","PrincipalType":"Group","RightName":"WriteDacl","AceType":"","IsInherited":false},{"PrincipalSID":"S-1-5-21-1390854314-3923357594-525441826-519","PrincipalType":"Group","RightName":"WriteOwner","AceType":"","IsInherited":false},{"PrincipalSID":"S-1-5-21-1390854314-3923357594-525441826-519","PrincipalType":"Group","RightName":"GenericWrite","AceType":"","IsInherited":false},{"PrincipalSID":"S-1-5-21-1390854314-3923357594-525441826-1128","PrincipalType":"Group","RightName":"WriteDacl","AceType":"","IsInherited":false},{"PrincipalSID":"S-1-5-21-1390854314-3923357594-525441826-1128","PrincipalType":"Group","RightName":"WriteOwner","AceType":"","IsInherited":false},{"PrincipalSID":"S-1-5-21-1390854314-3923357594-525441826-1128","PrincipalType":"Group","RightName":"GenericWrite","AceType":"","IsInherited":false},{"PrincipalSID":"S-1-5-21-1390854314-3923357594-525441826-1148","PrincipalType":"User","RightName":"WriteDacl","AceType":"","IsInherited":false},{"PrincipalSID":"S-1-5-21-1390854314-3923357594-525441826-1148","PrincipalType":"User","RightName":"WriteOwner","AceType":"","IsInherited":false},{"PrincipalSID":"S-1-5-21-1390854314-3923357594-525441826-1148","PrincipalType":"User","RightName":"GenericWrite","AceType":"","IsInherited":false}]},{"Properties":{"highvalue":false,"name":"WINALL ESERVER C GIOWINENG CACHED LOGONS LIMIT 1.00@MSDDEV.COM.CN","domain":"MSDDEV.COM.CN","objectid":"48E6AC80-45C7-4BB9-A50E-57E7502C9FB2","distinguishedname":"CN={B685248D-CD76-44A0-AFD8-B87EF7AABD50},CN=Policies,CN=System,DC=MSDDEV,DC=com,DC=cn","description":null,"gpcpath":"\\\\MSDDEV.com.cn\\sysvol\\MSDDEV.com.cn\\Policies\\{B685248D-CD76-44A0-AFD8-B87EF7AABD50}"},"ObjectIdentifier":"48E6AC80-45C7-4BB9-A50E-57E7502C9FB2","Aces":[{"PrincipalSID":"S-1-5-21-1390854314-3923357594-525441826-1148","PrincipalType":"User","RightName":"Owner","AceType":"","IsInherited":false},{"PrincipalSID":"S-1-5-21-1390854314-3923357594-525441826-512","PrincipalType":"Group","RightName":"WriteDacl","AceType":"","IsInherited":false},{"PrincipalSID":"S-1-5-21-1390854314-3923357594-525441826-512","PrincipalType":"Group","RightName":"WriteOwner","AceType":"","IsInherited":false},{"PrincipalSID":"S-1-5-21-1390854314-3923357594-525441826-512","PrincipalType":"Group","RightName":"GenericWrite","AceType":"","IsInherited":false},{"PrincipalSID":"S-1-5-21-1390854314-3923357594-525441826-519","PrincipalType":"Group","RightName":"WriteDacl","AceType":"","IsInherited":false},{"PrincipalSID":"S-1-5-21-1390854314-3923357594-525441826-519","PrincipalType":"Group","RightName":"WriteOwner","AceType":"","IsInherited":false},{"PrincipalSID":"S-1-5-21-1390854314-3923357594-525441826-519","PrincipalType":"Group","RightName":"GenericWrite","AceType":"","IsInherited":false},{"PrincipalSID":"S-1-5-21-1390854314-3923357594-525441826-1128","PrincipalType":"Group","RightName":"WriteDacl","AceType":"","IsInherited":false},{"PrincipalSID":"S-1-5-21-1390854314-3923357594-525441826-1128","PrincipalType":"Group","RightName":"WriteOwner","AceType":"","IsInherited":false},{"PrincipalSID":"S-1-5-21-1390854314-3923357594-525441826-1128","PrincipalType":"Group","RightName":"GenericWrite","AceType":"","IsInherited":false},{"PrincipalSID":"S-1-5-21-1390854314-3923357594-525441826-1148","PrincipalType":"User","RightName":"WriteDacl","AceType":"","IsInherited":false},{"PrincipalSID":"S-1-5-21-1390854314-3923357594-525441826-1148","PrincipalType":"User","RightName":"WriteOwner","AceType":"","IsInherited":false},{"PrincipalSID":"S-1-5-21-1390854314-3923357594-525441826-1148","PrincipalType":"User","RightName":"GenericWrite","AceType":"","IsInherited":false}]},{"Properties":{"highvalue":false,"name":"WINALL ESERVER C GIOWINENG FORCE REAPPLY GPO SETTINGS 1.00@MSDDEV.COM.CN","domain":"MSDDEV.COM.CN","objectid":"8AA0D198-B21C-4992-8B2D-15F439FFB201","distinguishedname":"CN={54E8433F-EB0E-43EB-A5A5-BF422F0D248F},CN=Policies,CN=System,DC=MSDDEV,DC=com,DC=cn","description":null,"gpcpath":"\\\\MSDDEV.com.cn\\sysvol\\MSDDEV.com.cn\\Policies\\{54E8433F-EB0E-43EB-A5A5-BF422F0D248F}"},"ObjectIdentifier":"8AA0D198-B21C-4992-8B2D-15F439FFB201","Aces":[{"PrincipalSID":"S-1-5-21-1390854314-3923357594-525441826-1148","PrincipalType":"User","RightName":"Owner","AceType":"","IsInherited":false},{"PrincipalSID":"S-1-5-21-1390854314-3923357594-525441826-512","PrincipalType":"Group","RightName":"WriteDacl","AceType":"","IsInherited":false},{"PrincipalSID":"S-1-5-21-1390854314-3923357594-525441826-512","PrincipalType":"Group","RightName":"WriteOwner","AceType":"","IsInherited":false},{"PrincipalSID":"S-1-5-21-1390854314-3923357594-525441826-512","PrincipalType":"Group","RightName":"GenericWrite","AceType":"","IsInherited":false},{"PrincipalSID":"S-1-5-21-1390854314-3923357594-525441826-519","PrincipalType":"Group","RightName":"WriteDacl","AceType":"","IsInherited":false},{"PrincipalSID":"S-1-5-21-1390854314-3923357594-525441826-519","PrincipalType":"Group","RightName":"WriteOwner","AceType":"","IsInherited":false},{"PrincipalSID":"S-1-5-21-1390854314-3923357594-525441826-519","PrincipalType":"Group","RightName":"GenericWrite","AceType":"","IsInherited":false},{"PrincipalSID":"S-1-5-21-1390854314-3923357594-525441826-1128","PrincipalType":"Group","RightName":"WriteDacl","AceType":"","IsInherited":false},{"PrincipalSID":"S-1-5-21-1390854314-3923357594-525441826-1128","PrincipalType":"Group","RightName":"WriteOwner","AceType":"","IsInherited":false},{"PrincipalSID":"S-1-5-21-1390854314-3923357594-525441826-1128","PrincipalType":"Group","RightName":"GenericWrite","AceType":"","IsInherited":false},{"PrincipalSID":"S-1-5-21-1390854314-3923357594-525441826-1148","PrincipalType":"User","RightName":"WriteDacl","AceType":"","IsInherited":false},{"PrincipalSID":"S-1-5-21-1390854314-3923357594-525441826-1148","PrincipalType":"User","RightName":"WriteOwner","AceType":"","IsInherited":false},{"PrincipalSID":"S-1-5-21-1390854314-3923357594-525441826-1148","PrincipalType":"User","RightName":"GenericWrite","AceType":"","IsInherited":false}]},{"Properties":{"highvalue":false,"name":"WINALL ESERVER C GIOWINENG ROOT CERTIFICATES 1.08@MSDDEV.COM.CN","domain":"MSDDEV.COM.CN","objectid":"A40A0815-32FB-442B-88D5-DABADD7F710A","distinguishedname":"CN={ABB4A0CA-FA0A-48A8-8628-74FDE8E752A2},CN=Policies,CN=System,DC=MSDDEV,DC=com,DC=cn","description":null,"gpcpath":"\\\\MSDDEV.com.cn\\sysvol\\MSDDEV.com.cn\\Policies\\{ABB4A0CA-FA0A-48A8-8628-74FDE8E752A2}"},"ObjectIdentifier":"A40A0815-32FB-442B-88D5-DABADD7F710A","Aces":[{"PrincipalSID":"S-1-5-21-1390854314-3923357594-525441826-1148","PrincipalType":"User","RightName":"Owner","AceType":"","IsInherited":false},{"PrincipalSID":"S-1-5-21-1390854314-3923357594-525441826-512","PrincipalType":"Group","RightName":"WriteDacl","AceType":"","IsInherited":false},{"PrincipalSID":"S-1-5-21-1390854314-3923357594-525441826-512","PrincipalType":"Group","RightName":"WriteOwner","AceType":"","IsInherited":false},{"PrincipalSID":"S-1-5-21-1390854314-3923357594-525441826-512","PrincipalType":"Group","RightName":"GenericWrite","AceType":"","IsInherited":false},{"PrincipalSID":"S-1-5-21-1390854314-3923357594-525441826-519","PrincipalType":"Group","RightName":"WriteDacl","AceType":"","IsInherited":false},{"PrincipalSID":"S-1-5-21-1390854314-3923357594-525441826-519","PrincipalType":"Group","RightName":"WriteOwner","AceType":"","IsInherited":false},{"PrincipalSID":"S-1-5-21-1390854314-3923357594-525441826-519","PrincipalType":"Group","RightName":"GenericWrite","AceType":"","IsInherited":false},{"PrincipalSID":"S-1-5-21-1390854314-3923357594-525441826-1128","PrincipalType":"Group","RightName":"WriteDacl","AceType":"","IsInherited":false},{"PrincipalSID":"S-1-5-21-1390854314-3923357594-525441826-1128","PrincipalType":"Group","RightName":"WriteOwner","AceType":"","IsInherited":false},{"PrincipalSID":"S-1-5-21-1390854314-3923357594-525441826-1128","PrincipalType":"Group","RightName":"GenericWrite","AceType":"","IsInherited":false},{"PrincipalSID":"S-1-5-21-1390854314-3923357594-525441826-1148","PrincipalType":"User","RightName":"WriteDacl","AceType":"","IsInherited":false},{"PrincipalSID":"S-1-5-21-1390854314-3923357594-525441826-1148","PrincipalType":"User","RightName":"WriteOwner","AceType":"","IsInherited":false},{"PrincipalSID":"S-1-5-21-1390854314-3923357594-525441826-1148","PrincipalType":"User","RightName":"GenericWrite","AceType":"","IsInherited":false},{"PrincipalSID":"S-1-5-21-1390854314-3923357594-525441826-1149","PrincipalType":"Group","RightName":"WriteDacl","AceType":"","IsInherited":false},{"PrincipalSID":"S-1-5-21-1390854314-3923357594-525441826-1149","PrincipalType":"Group","RightName":"WriteOwner","AceType":"","IsInherited":false},{"PrincipalSID":"S-1-5-21-1390854314-3923357594-525441826-1149","PrincipalType":"Group","RightName":"GenericWrite","AceType":"","IsInherited":false}]},{"Properties":{"highvalue":false,"name":"WINALL ESERVER C GIOWINENG PKI AUTO-ENROLLMENT 1.00@MSDDEV.COM.CN","domain":"MSDDEV.COM.CN","objectid":"C0184FF8-5C73-48B4-ABB4-C9B11383C1D1","distinguishedname":"CN={F0390E6E-7B73-4645-BD1A-F0AFD71A97E7},CN=Policies,CN=System,DC=MSDDEV,DC=com,DC=cn","description":null,"gpcpath":"\\\\MSDDEV.com.cn\\sysvol\\MSDDEV.com.cn\\Policies\\{F0390E6E-7B73-4645-BD1A-F0AFD71A97E7}"},"ObjectIdentifier":"C0184FF8-5C73-48B4-ABB4-C9B11383C1D1","Aces":[{"PrincipalSID":"S-1-5-21-1390854314-3923357594-525441826-1148","PrincipalType":"User","RightName":"Owner","AceType":"","IsInherited":false},{"PrincipalSID":"S-1-5-21-1390854314-3923357594-525441826-512","PrincipalType":"Group","RightName":"WriteDacl","AceType":"","IsInherited":false},{"PrincipalSID":"S-1-5-21-1390854314-3923357594-525441826-512","PrincipalType":"Group","RightName":"WriteOwner","AceType":"","IsInherited":false},{"PrincipalSID":"S-1-5-21-1390854314-3923357594-525441826-512","PrincipalType":"Group","RightName":"GenericWrite","AceType":"","IsInherited":false},{"PrincipalSID":"S-1-5-21-1390854314-3923357594-525441826-519","PrincipalType":"Group","RightName":"WriteDacl","AceType":"","IsInherited":false},{"PrincipalSID":"S-1-5-21-1390854314-3923357594-525441826-519","PrincipalType":"Group","RightName":"WriteOwner","AceType":"","IsInherited":false},{"PrincipalSID":"S-1-5-21-1390854314-3923357594-525441826-519","PrincipalType":"Group","RightName":"GenericWrite","AceType":"","IsInherited":false},{"PrincipalSID":"S-1-5-21-1390854314-3923357594-525441826-1128","PrincipalType":"Group","RightName":"WriteDacl","AceType":"","IsInherited":false},{"PrincipalSID":"S-1-5-21-1390854314-3923357594-525441826-1128","PrincipalType":"Group","RightName":"WriteOwner","AceType":"","IsInherited":false},{"PrincipalSID":"S-1-5-21-1390854314-3923357594-525441826-1128","PrincipalType":"Group","RightName":"GenericWrite","AceType":"","IsInherited":false},{"PrincipalSID":"S-1-5-21-1390854314-3923357594-525441826-1148","PrincipalType":"User","RightName":"WriteDacl","AceType":"","IsInherited":false},{"PrincipalSID":"S-1-5-21-1390854314-3923357594-525441826-1148","PrincipalType":"User","RightName":"WriteOwner","AceType":"","IsInherited":false},{"PrincipalSID":"S-1-5-21-1390854314-3923357594-525441826-1148","PrincipalType":"User","RightName":"GenericWrite","AceType":"","IsInherited":false}]},{"Properties":{"highvalue":false,"name":"NEW GROUP POLICY OBJECT@MSDDEV.COM.CN","domain":"MSDDEV.COM.CN","objectid":"07F9C915-189A-49D7-BB91-B0DEFD5F7203","distinguishedname":"CN={78268410-2299-45BA-8AAF-26F2D11DC339},CN=Policies,CN=System,DC=MSDDEV,DC=com,DC=cn","description":null,"gpcpath":"\\\\MSDDEV.com.cn\\SysVol\\MSDDEV.com.cn\\Policies\\{78268410-2299-45BA-8AAF-26F2D11DC339}"},"ObjectIdentifier":"07F9C915-189A-49D7-BB91-B0DEFD5F7203","Aces":[{"PrincipalSID":"S-1-5-21-1390854314-3923357594-525441826-1148","PrincipalType":"User","RightName":"Owner","AceType":"","IsInherited":false},{"PrincipalSID":"S-1-5-21-1390854314-3923357594-525441826-512","PrincipalType":"Group","RightName":"WriteDacl","AceType":"","IsInherited":false},{"PrincipalSID":"S-1-5-21-1390854314-3923357594-525441826-512","PrincipalType":"Group","RightName":"WriteOwner","AceType":"","IsInherited":false},{"PrincipalSID":"S-1-5-21-1390854314-3923357594-525441826-512","PrincipalType":"Group","RightName":"GenericWrite","AceType":"","IsInherited":false},{"PrincipalSID":"S-1-5-21-1390854314-3923357594-525441826-519","PrincipalType":"Group","RightName":"WriteDacl","AceType":"","IsInherited":false},{"PrincipalSID":"S-1-5-21-1390854314-3923357594-525441826-519","PrincipalType":"Group","RightName":"WriteOwner","AceType":"","IsInherited":false},{"PrincipalSID":"S-1-5-21-1390854314-3923357594-525441826-519","PrincipalType":"Group","RightName":"GenericWrite","AceType":"","IsInherited":false},{"PrincipalSID":"S-1-5-21-1390854314-3923357594-525441826-1128","PrincipalType":"Group","RightName":"WriteDacl","AceType":"","IsInherited":false},{"PrincipalSID":"S-1-5-21-1390854314-3923357594-525441826-1128","PrincipalType":"Group","RightName":"WriteOwner","AceType":"","IsInherited":false},{"PrincipalSID":"S-1-5-21-1390854314-3923357594-525441826-1128","PrincipalType":"Group","RightName":"GenericWrite","AceType":"","IsInherited":false},{"PrincipalSID":"S-1-5-21-1390854314-3923357594-525441826-1148","PrincipalType":"User","RightName":"WriteDacl","AceType":"","IsInherited":false},{"PrincipalSID":"S-1-5-21-1390854314-3923357594-525441826-1148","PrincipalType":"User","RightName":"WriteOwner","AceType":"","IsInherited":false},{"PrincipalSID":"S-1-5-21-1390854314-3923357594-525441826-1148","PrincipalType":"User","RightName":"GenericWrite","AceType":"","IsInherited":false}]},{"Properties":{"highvalue":false,"name":"SERVERADMINS@MSDDEV.COM.CN","domain":"MSDDEV.COM.CN","objectid":"96AA05A5-83CF-44AB-A6E3-D4184D1EEF6A","distinguishedname":"CN={D2C807E0-4F29-4FF9-9C87-B39C31E7E219},CN=Policies,CN=System,DC=MSDDEV,DC=com,DC=cn","description":null,"gpcpath":"\\\\MSDDEV.com.cn\\sysvol\\MSDDEV.com.cn\\Policies\\{D2C807E0-4F29-4FF9-9C87-B39C31E7E219}"},"ObjectIdentifier":"96AA05A5-83CF-44AB-A6E3-D4184D1EEF6A","Aces":[{"PrincipalSID":"S-1-5-21-1390854314-3923357594-525441826-512","PrincipalType":"Group","RightName":"WriteDacl","AceType":"","IsInherited":false},{"PrincipalSID":"S-1-5-21-1390854314-3923357594-525441826-512","PrincipalType":"Group","RightName":"WriteOwner","AceType":"","IsInherited":false},{"PrincipalSID":"S-1-5-21-1390854314-3923357594-525441826-512","PrincipalType":"Group","RightName":"GenericWrite","AceType":"","IsInherited":false},{"PrincipalSID":"S-1-5-21-1390854314-3923357594-525441826-519","PrincipalType":"Group","RightName":"WriteDacl","AceType":"","IsInherited":false},{"PrincipalSID":"S-1-5-21-1390854314-3923357594-525441826-519","PrincipalType":"Group","RightName":"WriteOwner","AceType":"","IsInherited":false},{"PrincipalSID":"S-1-5-21-1390854314-3923357594-525441826-519","PrincipalType":"Group","RightName":"GenericWrite","AceType":"","IsInherited":false}]},{"Properties":{"highvalue":false,"name":"AWS MANAGED ACTIVE DIRECTORY POLICY@MSDDEV.COM.CN","domain":"MSDDEV.COM.CN","objectid":"1AF28993-DAFA-4CFB-93DF-DF7319B3C544","distinguishedname":"CN={F44515DD-AF1B-4651-A700-C54265E1E0D7},CN=Policies,CN=System,DC=MSDDEV,DC=com,DC=cn","description":null,"gpcpath":"\\\\MSDDEV.com.cn\\sysvol\\MSDDEV.com.cn\\Policies\\{F44515DD-AF1B-4651-A700-C54265E1E0D7}"},"ObjectIdentifier":"1AF28993-DAFA-4CFB-93DF-DF7319B3C544","Aces":[{"PrincipalSID":"S-1-5-21-1390854314-3923357594-525441826-512","PrincipalType":"Group","RightName":"WriteDacl","AceType":"","IsInherited":false},{"PrincipalSID":"S-1-5-21-1390854314-3923357594-525441826-512","PrincipalType":"Group","RightName":"WriteOwner","AceType":"","IsInherited":false},{"PrincipalSID":"S-1-5-21-1390854314-3923357594-525441826-512","PrincipalType":"Group","RightName":"GenericWrite","AceType":"","IsInherited":false},{"PrincipalSID":"S-1-5-21-1390854314-3923357594-525441826-519","PrincipalType":"Group","RightName":"WriteDacl","AceType":"","IsInherited":false},{"PrincipalSID":"S-1-5-21-1390854314-3923357594-525441826-519","PrincipalType":"Group","RightName":"WriteOwner","AceType":"","IsInherited":false},{"PrincipalSID":"S-1-5-21-1390854314-3923357594-525441826-519","PrincipalType":"Group","RightName":"GenericWrite","AceType":"","IsInherited":false}]},{"Properties":{"highvalue":false,"name":"TIMEPOLICYPDC@MSDDEV.COM.CN","domain":"MSDDEV.COM.CN","objectid":"5BAAD43A-BE28-434D-A3C3-A08306582AA5","distinguishedname":"CN={E8C9E203-DE28-4855-9337-C647DC9C2EE8},CN=Policies,CN=System,DC=MSDDEV,DC=com,DC=cn","description":null,"gpcpath":"\\\\MSDDEV.com.cn\\sysvol\\MSDDEV.com.cn\\Policies\\{E8C9E203-DE28-4855-9337-C647DC9C2EE8}"},"ObjectIdentifier":"5BAAD43A-BE28-434D-A3C3-A08306582AA5","Aces":[{"PrincipalSID":"S-1-5-21-1390854314-3923357594-525441826-512","PrincipalType":"Group","RightName":"WriteDacl","AceType":"","IsInherited":false},{"PrincipalSID":"S-1-5-21-1390854314-3923357594-525441826-512","PrincipalType":"Group","RightName":"WriteOwner","AceType":"","IsInherited":false},{"PrincipalSID":"S-1-5-21-1390854314-3923357594-525441826-512","PrincipalType":"Group","RightName":"GenericWrite","AceType":"","IsInherited":false},{"PrincipalSID":"S-1-5-21-1390854314-3923357594-525441826-519","PrincipalType":"Group","RightName":"WriteDacl","AceType":"","IsInherited":false},{"PrincipalSID":"S-1-5-21-1390854314-3923357594-525441826-519","PrincipalType":"Group","RightName":"WriteOwner","AceType":"","IsInherited":false},{"PrincipalSID":"S-1-5-21-1390854314-3923357594-525441826-519","PrincipalType":"Group","RightName":"GenericWrite","AceType":"","IsInherited":false}]},{"Properties":{"highvalue":false,"name":"TIMEPOLICYNT5DS@MSDDEV.COM.CN","domain":"MSDDEV.COM.CN","objectid":"98E83222-FE2C-451E-95F6-10714ECEC17A","distinguishedname":"CN={71A5C337-B7CD-47A5-BA68-3E3F0CD17075},CN=Policies,CN=System,DC=MSDDEV,DC=com,DC=cn","description":null,"gpcpath":"\\\\MSDDEV.com.cn\\sysvol\\MSDDEV.com.cn\\Policies\\{71A5C337-B7CD-47A5-BA68-3E3F0CD17075}"},"ObjectIdentifier":"98E83222-FE2C-451E-95F6-10714ECEC17A","Aces":[{"PrincipalSID":"S-1-5-21-1390854314-3923357594-525441826-512","PrincipalType":"Group","RightName":"WriteDacl","AceType":"","IsInherited":false},{"PrincipalSID":"S-1-5-21-1390854314-3923357594-525441826-512","PrincipalType":"Group","RightName":"WriteOwner","AceType":"","IsInherited":false},{"PrincipalSID":"S-1-5-21-1390854314-3923357594-525441826-512","PrincipalType":"Group","RightName":"GenericWrite","AceType":"","IsInherited":false},{"PrincipalSID":"S-1-5-21-1390854314-3923357594-525441826-519","PrincipalType":"Group","RightName":"WriteDacl","AceType":"","IsInherited":false},{"PrincipalSID":"S-1-5-21-1390854314-3923357594-525441826-519","PrincipalType":"Group","RightName":"WriteOwner","AceType":"","IsInherited":false},{"PrincipalSID":"S-1-5-21-1390854314-3923357594-525441826-519","PrincipalType":"Group","RightName":"GenericWrite","AceType":"","IsInherited":false}]},{"Properties":{"highvalue":false,"name":"AWS RESERVED POLICY:USER@MSDDEV.COM.CN","domain":"MSDDEV.COM.CN","objectid":"DA825B04-74EC-40EC-B1DC-9E5E704067C2","distinguishedname":"CN={C7DB3955-9BF7-458E-A887-8BDD0928299B},CN=Policies,CN=System,DC=MSDDEV,DC=com,DC=cn","description":null,"gpcpath":"\\\\MSDDEV.com.cn\\sysvol\\MSDDEV.com.cn\\Policies\\{C7DB3955-9BF7-458E-A887-8BDD0928299B}"},"ObjectIdentifier":"DA825B04-74EC-40EC-B1DC-9E5E704067C2","Aces":[{"PrincipalSID":"S-1-5-21-1390854314-3923357594-525441826-512","PrincipalType":"Group","RightName":"WriteDacl","AceType":"","IsInherited":false},{"PrincipalSID":"S-1-5-21-1390854314-3923357594-525441826-512","PrincipalType":"Group","RightName":"WriteOwner","AceType":"","IsInherited":false},{"PrincipalSID":"S-1-5-21-1390854314-3923357594-525441826-512","PrincipalType":"Group","RightName":"GenericWrite","AceType":"","IsInherited":false},{"PrincipalSID":"S-1-5-21-1390854314-3923357594-525441826-519","PrincipalType":"Group","RightName":"WriteDacl","AceType":"","IsInherited":false},{"PrincipalSID":"S-1-5-21-1390854314-3923357594-525441826-519","PrincipalType":"Group","RightName":"WriteOwner","AceType":"","IsInherited":false},{"PrincipalSID":"S-1-5-21-1390854314-3923357594-525441826-519","PrincipalType":"Group","RightName":"GenericWrite","AceType":"","IsInherited":false}]},{"Properties":{"highvalue":false,"name":"WINALL ESERVER C GIOWINENG ROOT CERTIFICATES 1.09@MSDDEV.COM.CN","domain":"MSDDEV.COM.CN","objectid":"FEDE2CB1-4F95-4C6F-8F8C-A12E6E103B02","distinguishedname":"CN={7AEE1929-A114-4ABB-88D5-85AC6358B916},CN=Policies,CN=System,DC=MSDDEV,DC=com,DC=cn","description":null,"gpcpath":"\\\\MSDDEV.com.cn\\sysvol\\MSDDEV.com.cn\\Policies\\{7AEE1929-A114-4ABB-88D5-85AC6358B916}"},"ObjectIdentifier":"FEDE2CB1-4F95-4C6F-8F8C-A12E6E103B02","Aces":[{"PrincipalSID":"S-1-5-21-1390854314-3923357594-525441826-1247","PrincipalType":"User","RightName":"Owner","AceType":"","IsInherited":false},{"PrincipalSID":"S-1-5-21-1390854314-3923357594-525441826-512","PrincipalType":"Group","RightName":"WriteDacl","AceType":"","IsInherited":false},{"PrincipalSID":"S-1-5-21-1390854314-3923357594-525441826-512","PrincipalType":"Group","RightName":"WriteOwner","AceType":"","IsInherited":false},{"PrincipalSID":"S-1-5-21-1390854314-3923357594-525441826-512","PrincipalType":"Group","RightName":"GenericWrite","AceType":"","IsInherited":false},{"PrincipalSID":"S-1-5-21-1390854314-3923357594-525441826-519","PrincipalType":"Group","RightName":"WriteDacl","AceType":"","IsInherited":false},{"PrincipalSID":"S-1-5-21-1390854314-3923357594-525441826-519","PrincipalType":"Group","RightName":"WriteOwner","AceType":"","IsInherited":false},{"PrincipalSID":"S-1-5-21-1390854314-3923357594-525441826-519","PrincipalType":"Group","RightName":"GenericWrite","AceType":"","IsInherited":false},{"PrincipalSID":"S-1-5-21-1390854314-3923357594-525441826-1128","PrincipalType":"Group","RightName":"WriteDacl","AceType":"","IsInherited":false},{"PrincipalSID":"S-1-5-21-1390854314-3923357594-525441826-1128","PrincipalType":"Group","RightName":"WriteOwner","AceType":"","IsInherited":false},{"PrincipalSID":"S-1-5-21-1390854314-3923357594-525441826-1128","PrincipalType":"Group","RightName":"GenericWrite","AceType":"","IsInherited":false},{"PrincipalSID":"S-1-5-21-1390854314-3923357594-525441826-1148","PrincipalType":"User","RightName":"WriteDacl","AceType":"","IsInherited":false},{"PrincipalSID":"S-1-5-21-1390854314-3923357594-525441826-1148","PrincipalType":"User","RightName":"WriteOwner","AceType":"","IsInherited":false},{"PrincipalSID":"S-1-5-21-1390854314-3923357594-525441826-1148","PrincipalType":"User","RightName":"GenericWrite","AceType":"","IsInherited":false},{"PrincipalSID":"S-1-5-21-1390854314-3923357594-525441826-1149","PrincipalType":"Group","RightName":"WriteDacl","AceType":"","IsInherited":false},{"PrincipalSID":"S-1-5-21-1390854314-3923357594-525441826-1149","PrincipalType":"Group","RightName":"WriteOwner","AceType":"","IsInherited":false},{"PrincipalSID":"S-1-5-21-1390854314-3923357594-525441826-1149","PrincipalType":"Group","RightName":"GenericWrite","AceType":"","IsInherited":false}]}],"meta":{"count":25,"type":"gpos","version":3}}